IP,Report count
80.218.48.93,68332
134.209.173.54,68206
144.76.239.5,42457
52.17.117.56,35394
45.95.147.247,23005
82.145.215.206,21296
52.17.176.198,19782
170.39.218.156,19713
185.91.127.81,18862
170.39.218.142,18777
92.63.197.236,15348
63.178.4.45,15111
31.168.173.99,14277
185.242.177.19,14071
185.224.128.17,12759
79.124.62.134,12538
79.124.62.126,12309
204.76.203.80,12110
79.124.62.122,12046
63.177.230.27,11963
194.38.23.16,11682
78.128.113.38,11674
95.214.53.196,11667
92.63.197.145,11660
5.188.206.22,11401
2604:2dc0:205:e400::,11235
103.102.230.4,10346
185.218.84.178,10110
3.74.169.109,10019
37.27.203.254,9901
115.231.78.10,9664
141.98.11.128,9202
162.55.115.204,9186
18.197.33.170,9171
83.222.190.86,9131
83.222.190.82,9114
47.238.14.12,9109
47.238.13.13,9108
83.222.191.162,9060
47.238.13.17,9040
83.222.191.182,9018
18.192.8.26,8995
83.222.191.42,8977
47.238.13.16,8831
47.238.13.9,8790
103.102.230.3,8709
47.238.13.3,8704
47.242.77.69,8685
3.79.26.15,8620
51.158.160.67,8582
63.176.99.100,8494
47.238.13.10,8452
47.238.13.12,8437
47.238.13.18,8368
47.238.13.15,8311
54.93.36.33,8310
143.244.58.247,8308
8.210.8.206,8294
47.238.13.11,8185
18.185.96.227,8119
154.81.156.35,8080
52.59.205.248,8080
104.28.98.47,8050
47.238.13.14,8003
128.9.29.128,7990
18.156.1.213,7954
129.82.138.31,7878
185.218.86.4,7875
18.198.3.70,7771
3.75.232.26,7738
89.248.163.48,7655
88.198.202.124,7577
104.28.54.93,7504
52.28.166.134,7481
104.28.130.6,7354
18.158.250.51,7291
3.74.161.28,7281
145.239.10.137,7264
3.73.49.83,7224
115.231.78.14,7163
83.222.191.150,7063
78.128.114.90,7022
3.79.11.225,6986
89.248.163.61,6970
204.76.203.219,6958
3.73.0.93,6674
18.184.123.124,6655
52.59.173.31,6649
51.161.12.34,6631
83.222.191.130,6550
18.223.104.85,6524
63.176.134.216,6484
35.158.139.20,6387
80.75.212.64,6386
52.57.56.253,6371
3.136.208.236,6331
35.157.145.195,6324
3.75.136.248,6283
3.75.174.46,6263
18.198.49.102,6206
204.76.203.212,6204
3.121.229.139,6200
3.68.193.1,6197
3.125.41.67,6190
52.57.38.239,6189
18.198.51.148,6173
3.79.193.2,6171
3.126.51.10,6146
3.68.64.54,6125
104.28.54.92,6043
194.50.16.149,6042
3.143.152.247,6016
18.158.60.141,5988
154.81.156.54,5922
188.156.212.216,5917
167.94.146.35,5867
34.196.237.253,5857
167.94.146.33,5848
167.94.146.43,5820
167.94.146.42,5819
167.94.146.41,5804
167.94.146.36,5785
3.120.238.132,5785
18.194.240.255,5782
167.94.146.34,5777
185.94.111.1,5775
167.94.146.39,5773
167.94.146.40,5771
104.28.130.5,5769
3.120.207.3,5765
167.94.146.38,5759
167.94.146.32,5749
167.94.146.46,5740
167.94.146.37,5726
167.94.146.44,5712
63.176.22.69,5691
167.94.146.47,5684
18.162.120.131,5678
2.189.5.162,5657
13.213.31.14,5654
63.176.31.196,5653
167.94.146.45,5628
5.188.206.54,5620
177.155.129.35,5542
35.159.116.194,5512
63.176.163.10,5436
78.128.113.130,5417
3.127.149.167,5408
91.191.209.218,5355
80.75.212.12,5337
83.222.190.190,5331
78.153.140.148,5311
63.177.101.28,5305
45.135.193.100,5296
78.153.140.93,5281
104.28.98.46,5278
18.184.6.253,5250
3.75.97.209,5250
3.121.184.115,5209
178.63.76.145,5135
80.75.212.45,5113
18.217.194.148,5082
194.38.23.18,5071
18.199.149.120,5001
194.38.20.13,4985
18.117.57.162,4941
18.221.137.47,4940
204.76.203.206,4901
45.8.187.74,4895
87.121.84.179,4878
78.153.140.149,4843
2.189.5.142,4839
78.153.140.147,4825
141.94.77.78,4741
3.121.201.217,4694
63.176.50.97,4687
57.129.81.226,4678
52.59.157.190,4674
195.82.147.152,4641
18.196.145.215,4638
141.94.78.15,4607
3.79.33.254,4605
18.185.126.93,4592
115.231.78.11,4584
18.199.150.28,4579
141.94.76.134,4557
18.197.38.142,4545
78.153.140.222,4533
34.193.163.52,4517
141.94.78.40,4452
57.129.81.228,4365
57.129.81.227,4358
3.73.82.0,4358
3.64.127.146,4353
141.94.79.3,4275
57.129.81.224,4264
18.184.156.82,4247
5.188.206.46,4242
203.178.148.19,4239
104.28.98.44,4238
128.9.29.131,4232
195.251.255.69,4189
195.169.125.251,4186
163.61.182.96,4162
185.156.73.222,4148
80.237.132.239,4127
129.82.138.44,4124
78.153.140.218,4111
44.208.221.197,4098
141.98.10.151,4062
208.87.242.107,4051
163.61.183.67,4013
64.227.24.51,3982
195.20.18.145,3961
63.176.163.9,3950
196.251.69.103,3943
188.212.49.98,3925
185.73.23.133,3890
57.129.81.225,3873
3.121.237.223,3850
52.57.136.5,3786
3.65.37.134,3766
52.29.165.83,3719
18.198.22.18,3675
3.74.41.98,3668
94.156.177.35,3666
18.193.119.37,3662
104.28.62.40,3659
103.69.96.163,3658
193.46.255.124,3646
104.28.62.41,3645
207.90.244.18,3639
176.65.148.37,3637
128.9.63.139,3633
18.185.108.53,3631
80.94.95.177,3630
185.156.73.52,3630
63.177.91.176,3621
52.59.245.204,3619
3.72.241.10,3611
104.28.62.42,3609
104.28.62.43,3594
65.108.40.216,3591
52.14.58.0,3583
63.178.63.135,3573
207.90.244.19,3571
18.195.76.153,3571
18.185.18.43,3570
185.91.127.104,3545
188.212.49.66,3532
52.57.71.215,3529
181.49.205.58,3524
207.90.244.17,3518
18.194.190.199,3510
47.238.14.0,3507
47.242.230.146,3504
54.93.192.30,3501
154.81.156.7,3499
207.90.244.15,3479
207.90.244.16,3479
104.28.98.45,3461
54.93.99.61,3457
3.126.50.131,3456
103.149.87.34,3446
196.251.69.175,3413
3.68.196.142,3408
176.65.148.237,3402
18.195.86.234,3391
207.90.244.12,3366
79.124.62.230,3366
3.68.80.220,3364
104.156.155.13,3361
213.209.143.206,3339
195.82.147.151,3335
3.73.116.130,3320
3.122.226.75,3268
45.90.163.37,3250
65.108.56.235,3246
47.238.13.6,3238
104.28.60.79,3220
47.242.200.220,3104
34.83.145.160,3102
8.218.186.1,3098
8.210.146.98,3071
92.63.197.210,3057
3.120.227.248,3048
194.145.227.125,3046
193.41.206.156,3045
3.66.216.84,3038
80.75.212.9,3026
185.205.246.136,3026
141.95.54.132,3011
57.129.139.80,3009
57.129.139.88,2995
51.91.250.17,2993
151.80.133.238,2992
80.82.70.133,2992
47.238.13.0,2989
51.91.254.43,2982
51.38.112.81,2977
18.194.167.253,2971
51.91.254.244,2966
146.59.127.80,2961
104.236.209.11,2960
51.91.255.78,2955
179.43.191.98,2953
145.239.81.31,2952
176.109.67.69,2951
47.243.161.234,2945
18.184.248.240,2938
43.196.26.159,2931
51.91.255.135,2929
52.80.113.250,2928
52.80.214.204,2928
43.196.31.159,2925
51.38.115.13,2923
47.238.13.5,2922
54.37.19.39,2922
145.239.89.234,2919
43.196.49.228,2913
167.94.145.26,2911
57.129.139.103,2909
52.81.85.112,2905
3.120.32.32,2904
57.129.139.60,2899
167.94.146.28,2897
167.94.146.31,2892
52.81.35.225,2889
167.94.146.25,2882
167.94.145.16,2881
91.148.190.150,2880
83.222.190.66,2877
167.94.146.29,2874
167.94.146.16,2862
3.121.229.157,2862
43.196.27.57,2860
167.94.146.17,2850
167.94.145.23,2849
167.94.146.18,2849
151.80.133.171,2849
54.93.230.246,2849
167.94.145.20,2847
167.94.146.27,2844
141.95.54.59,2844
3.68.189.136,2843
151.80.133.111,2841
63.177.79.20,2840
167.94.145.17,2836
193.142.146.136,2836
151.80.133.55,2831
167.94.146.23,2827
83.222.191.146,2827
167.94.146.30,2822
35.158.119.95,2822
167.94.146.22,2819
80.75.212.11,2819
47.243.56.196,2819
18.198.23.173,2819
167.94.145.18,2815
8.210.108.0,2815
167.94.146.26,2812
167.94.146.24,2811
167.94.145.24,2809
167.94.146.21,2808
151.80.133.130,2805
47.238.13.1,2800
3.121.199.136,2798
167.94.138.159,2797
18.194.233.98,2797
157.245.34.186,2795
167.94.145.27,2795
199.45.154.177,2795
167.94.145.31,2792
83.222.191.10,2790
141.95.54.157,2789
18.156.119.118,2789
145.239.83.37,2780
47.238.13.7,2779
213.209.143.48,2778
167.94.145.30,2771
167.94.145.19,2770
167.94.138.154,2769
167.94.138.144,2765
167.94.145.21,2764
167.94.146.20,2762
199.45.154.189,2760
47.243.178.179,2759
52.28.253.70,2759
167.94.138.158,2755
18.190.163.148,2754
199.45.154.182,2753
167.94.138.157,2753
167.94.138.145,2752
167.94.138.151,2752
199.45.154.188,2746
167.94.138.155,2743
66.132.148.42,2743
167.94.145.28,2743
199.45.154.186,2743
167.94.145.25,2741
47.238.13.4,2741
3.123.153.62,2740
167.94.138.147,2738
167.94.145.22,2738
145.239.87.55,2735
199.45.154.176,2734
8.210.218.201,2730
35.157.100.49,2730
185.242.226.7,2729
83.222.190.238,2728
45.142.193.91,2727
83.222.190.234,2726
167.94.138.148,2723
167.94.138.150,2722
35.156.100.146,2721
199.45.154.178,2719
167.94.145.29,2718
167.94.138.153,2718
199.45.154.184,2718
199.45.154.187,2713
199.45.154.190,2713
199.45.154.191,2709
167.94.146.19,2708
199.45.154.181,2708
207.90.244.4,2707
154.212.141.187,2707
66.132.148.40,2705
199.45.154.185,2705
66.132.148.38,2700
167.94.138.146,2698
167.94.138.156,2696
3.79.16.219,2694
199.45.154.179,2688
3.126.209.217,2688
66.132.148.34,2685
66.132.148.43,2684
3.78.189.192,2682
195.82.146.145,2679
8.210.10.143,2676
52.28.98.210,2675
199.45.154.183,2673
167.94.138.149,2672
66.132.148.45,2669
167.94.138.152,2669
199.45.154.180,2661
83.222.190.230,2658
196.251.80.15,2653
66.132.148.33,2653
66.132.148.39,2637
66.132.148.32,2635
66.132.148.37,2630
177.53.116.27,2627
66.132.148.35,2625
66.132.148.36,2621
66.132.148.44,2619
3.73.39.148,2618
91.224.92.17,2617
63.177.92.148,2617
66.132.148.46,2616
66.132.148.41,2604
66.132.148.47,2602
83.222.191.2,2584
83.222.191.6,2584
38.110.42.254,2580
206.168.34.175,2571
18.199.154.193,2555
176.65.148.65,2554
154.212.141.199,2538
176.65.148.86,2537
92.118.39.237,2528
207.90.244.6,2523
35.159.52.249,2523
206.168.34.164,2520
206.168.34.160,2518
8.210.230.104,2511
206.168.34.173,2508
35.158.156.105,2505
206.168.34.168,2504
206.168.34.162,2504
8.210.11.248,2504
176.65.148.57,2500
52.77.190.52,2498
162.142.125.240,2492
93.174.95.106,2490
13.229.31.250,2490
176.65.148.66,2488
35.159.52.194,2481
206.168.34.170,2476
206.168.34.166,2474
162.142.125.254,2473
93.55.192.40,2468
162.142.125.250,2467
13.228.74.91,2467
206.168.34.165,2466
206.168.34.174,2466
13.229.166.109,2463
207.90.244.14,2461
63.177.103.135,2461
47.238.13.8,2460
3.124.186.56,2460
194.180.49.76,2456
206.168.34.163,2452
47.128.161.133,2452
18.141.136.97,2451
206.168.34.169,2450
162.142.125.249,2449
206.168.34.171,2448
18.136.192.146,2448
162.142.125.242,2447
206.168.34.161,2444
139.162.116.160,2444
162.142.125.244,2444
13.214.0.180,2444
80.82.77.202,2442
194.50.16.198,2442
86.54.31.44,2441
162.142.125.255,2440
52.81.208.224,2439
196.251.85.238,2438
54.255.26.49,2435
52.220.55.39,2434
162.142.125.80,2430
13.251.39.246,2430
54.179.3.9,2430
206.168.34.172,2428
52.29.172.179,2425
206.168.34.167,2424
54.251.125.148,2423
52.220.130.120,2422
18.139.77.112,2419
104.28.129.1,2418
3.1.35.115,2416
18.136.62.21,2414
54.254.110.64,2414
162.142.125.92,2413
3.1.232.118,2413
47.130.45.182,2412
162.142.125.251,2411
52.77.201.81,2411
18.140.180.181,2410
162.142.125.253,2409
54.254.208.62,2409
8.210.15.252,2409
162.142.125.246,2405
196.251.115.34,2401
13.228.88.208,2400
13.213.209.156,2399
162.142.125.252,2398
18.142.233.159,2397
13.213.93.162,2396
13.250.202.73,2394
54.169.145.89,2394
199.30.231.5,2392
54.255.218.6,2391
162.142.125.93,2390
13.251.147.94,2389
13.250.87.217,2388
54.151.249.108,2387
13.229.16.251,2387
18.140.46.18,2387
162.142.125.243,2386
13.213.171.53,2386
3.70.214.138,2383
3.125.104.11,2379
162.142.125.81,2376
18.142.147.98,2370
71.136.121.129,2367
162.142.125.241,2365
34.168.137.181,2365
8.210.152.184,2360
3.122.224.167,2359
162.142.125.87,2356
104.156.155.10,2356
162.142.125.88,2355
195.82.146.146,2350
3.75.82.190,2346
13.213.193.94,2345
162.142.125.86,2344
18.136.246.89,2343
3.120.209.173,2342
162.142.125.89,2340
175.41.131.8,2339
13.215.112.129,2337
80.82.77.139,2335
13.215.231.211,2334
104.28.62.87,2333
52.59.13.138,2333
3.1.176.125,2332
5.78.68.156,2329
18.142.89.160,2329
193.29.13.155,2329
162.142.125.83,2326
104.28.62.44,2325
162.142.125.84,2324
3.70.138.136,2324
18.136.115.59,2323
3.1.172.206,2322
18.139.6.74,2318
18.138.77.105,2316
54.254.148.114,2314
18.139.62.39,2313
52.59.200.238,2312
13.251.101.1,2309
47.130.57.161,2307
88.99.167.254,2306
18.197.170.173,2306
162.142.125.248,2305
52.77.54.83,2304
18.185.72.249,2304
18.197.101.139,2301
162.142.125.247,2300
54.254.35.214,2300
54.251.197.106,2296
3.66.188.16,2293
162.142.125.85,2288
162.142.125.95,2288
89.248.168.227,2284
162.142.125.94,2283
52.220.213.154,2282
185.218.86.52,2282
206.168.34.140,2280
18.139.247.193,2277
124.221.198.178,2276
162.142.125.230,2274
47.130.63.172,2273
80.75.212.32,2271
162.142.125.91,2269
162.142.125.90,2268
51.91.151.213,2268
3.78.243.23,2263
13.250.132.236,2262
104.28.60.78,2262
38.110.42.253,2261
52.74.66.25,2261
162.142.125.139,2259
162.142.125.130,2256
162.142.125.232,2256
162.142.125.227,2253
54.255.157.237,2250
18.139.63.76,2250
162.142.125.228,2249
162.142.125.82,2249
18.195.104.33,2248
63.178.41.169,2247
51.91.208.97,2246
185.218.84.7,2245
18.142.153.169,2243
13.228.16.28,2243
206.168.34.142,2240
52.74.129.116,2240
52.221.80.233,2240
139.162.190.203,2240
68.69.184.74,2239
3.0.169.22,2239
162.142.125.229,2238
18.136.29.110,2238
18.142.213.74,2238
52.221.10.145,2237
63.176.104.110,2237
162.142.125.235,2236
206.168.34.143,2236
52.76.237.187,2236
18.142.129.169,2235
52.59.201.97,2234
54.179.57.161,2233
162.142.125.140,2232
162.142.125.245,2231
3.68.193.11,2231
63.176.60.91,2231
162.142.125.237,2229
162.142.125.131,2228
18.139.57.32,2227
162.142.125.142,2225
162.142.125.135,2224
206.168.34.129,2222
162.142.125.234,2221
176.65.149.116,2219
206.168.34.139,2217
104.28.30.78,2217
69.235.185.157,2216
154.212.141.198,2216
206.168.34.132,2214
206.168.34.128,2214
206.168.34.133,2213
54.169.227.4,2213
18.143.238.96,2212
47.130.72.203,2212
13.251.179.232,2212
80.82.77.33,2211
54.254.87.89,2210
63.177.48.99,2210
94.102.49.148,2209
206.168.34.136,2208
13.214.103.223,2206
147.78.47.236,2206
162.142.125.134,2202
162.142.125.225,2200
52.220.91.113,2199
162.142.125.233,2198
162.142.125.238,2197
162.142.125.137,2196
162.142.125.129,2195
13.229.12.223,2195
162.142.125.128,2192
18.192.13.200,2192
206.168.34.130,2191
18.138.206.84,2190
18.184.255.108,2190
162.142.125.239,2189
162.142.125.224,2188
162.142.125.231,2186
57.128.163.53,2186
13.213.198.214,2185
213.209.143.55,2184
3.120.34.216,2184
206.168.34.131,2182
162.142.125.132,2180
162.142.125.133,2178
13.251.90.209,2178
52.221.4.203,2178
54.254.94.167,2177
63.176.50.26,2175
206.168.34.135,2170
162.142.125.141,2167
162.142.125.226,2167
206.168.34.141,2166
125.228.216.16,2164
52.201.254.73,2160
47.128.208.106,2160
13.251.40.9,2159
3.74.156.140,2158
206.168.34.137,2157
13.228.41.178,2157
162.142.125.143,2156
18.195.157.40,2155
54.255.95.46,2154
18.142.191.196,2153
18.143.99.178,2149
162.142.125.236,2148
162.142.125.138,2147
193.41.206.142,2147
47.130.38.155,2143
69.235.187.124,2139
52.74.247.162,2136
103.67.197.20,2136
104.156.155.7,2136
206.168.34.138,2134
162.142.125.136,2132
52.221.140.211,2132
34.201.140.192,2127
54.38.1.92,2127
206.168.34.150,2126
206.168.34.146,2124
46.137.206.146,2119
18.143.56.174,2118
3.0.37.233,2117
47.130.73.217,2116
47.238.13.2,2114
206.168.34.156,2113
206.168.34.134,2113
63.176.162.208,2113
54.251.56.172,2112
72.46.130.218,2111
54.255.66.232,2110
3.80.155.199,2109
206.168.34.159,2107
206.168.34.145,2106
52.220.120.79,2106
104.28.130.41,2106
54.93.246.146,2105
47.254.93.126,2103
104.28.130.42,2102
141.212.113.175,2102
13.213.184.112,2101
18.138.141.74,2100
54.179.75.41,2097
54.38.0.171,2095
69.164.207.190,2093
86.54.31.36,2092
206.168.34.155,2088
206.168.34.158,2087
3.70.238.54,2084
206.168.34.148,2082
206.168.34.154,2082
167.94.138.138,2080
206.168.34.153,2077
206.168.34.144,2077
34.82.95.197,2077
162.240.149.34,2075
13.250.216.254,2072
3.74.163.116,2071
206.168.34.151,2070
3.237.199.226,2066
66.228.56.189,2064
13.250.227.154,2064
13.215.215.117,2064
206.168.34.157,2061
167.94.138.139,2060
139.162.215.113,2057
13.251.70.77,2057
13.251.4.217,2057
3.128.166.78,2055
18.197.183.11,2055
13.251.50.26,2053
206.168.34.147,2049
18.142.79.230,2048
167.94.138.141,2044
139.162.121.226,2043
63.178.123.82,2043
103.95.196.49,2042
52.220.220.42,2041
100.24.108.51,2040
52.74.196.124,2040
206.168.34.149,2038
167.94.138.134,2037
167.94.138.143,2036
206.168.34.152,2036
13.228.135.134,2035
172.105.162.194,2031
52.220.200.82,2027
167.94.138.142,2024
172.104.181.25,2023
139.162.58.253,2020
13.250.82.126,2018
167.94.138.135,2016
8.28.7.20,2016
167.94.138.130,2009
167.94.138.136,2007
167.94.138.137,2007
168.119.178.203,2004
3.72.61.96,2003
167.94.138.131,1999
175.41.181.126,1999
52.81.178.108,1998
167.94.138.133,1997
167.94.138.128,1995
167.94.138.140,1992
13.215.86.21,1989
52.76.68.59,1989
52.74.142.177,1988
194.195.253.114,1985
54.254.54.29,1983
89.248.163.181,1981
18.136.92.238,1980
66.228.53.233,1975
139.162.121.238,1975
167.94.138.101,1974
104.28.130.138,1973
3.16.13.141,1973
89.248.172.16,1972
18.138.2.101,1971
54.255.54.245,1970
52.220.166.63,1970
18.139.61.118,1967
91.107.221.68,1964
52.1.144.74,1964
71.6.199.23,1963
139.162.215.114,1956
89.248.165.117,1956
141.95.104.5,1955
63.176.163.45,1951
167.94.138.129,1947
3.129.247.141,1947
167.94.138.102,1944
167.94.138.132,1941
54.151.138.69,1941
194.195.253.108,1939
52.81.185.26,1939
18.195.207.136,1939
18.143.48.10,1938
194.195.253.111,1937
162.248.16.14,1937
66.228.56.140,1935
47.130.20.148,1934
3.144.94.230,1934
63.176.155.201,1931
167.94.138.97,1930
176.65.148.253,1929
167.94.138.98,1929
2a01:4f8:fff0:2a::cafe:40,1929
18.118.46.55,1929
167.94.138.104,1927
104.28.98.106,1927
167.94.138.99,1926
104.156.155.3,1924
167.94.138.103,1919
167.94.138.108,1915
13.251.146.16,1915
13.215.53.138,1914
167.94.138.100,1913
196.251.85.166,1912
3.127.245.138,1911
194.176.184.179,1910
18.199.149.3,1907
18.223.102.20,1906
3.19.59.4,1905
18.156.119.95,1904
167.94.138.111,1897
18.117.140.156,1895
3.21.21.237,1894
140.179.232.123,1893
43.174.217.114,1891
3.145.48.204,1891
167.94.138.105,1888
156.59.198.135,1888
104.28.88.129,1885
140.179.231.33,1885
86.54.31.38,1884
18.188.103.124,1884
175.41.148.236,1883
18.224.66.158,1881
156.59.198.136,1879
54.254.9.75,1875
167.94.138.109,1874
167.94.138.107,1874
18.118.21.81,1874
54.93.105.130,1873
18.138.135.200,1872
52.81.183.22,1872
63.178.68.172,1868
45.84.89.3,1867
3.122.224.11,1866
18.184.6.113,1865
167.94.138.96,1856
167.94.138.106,1848
185.165.191.27,1845
34.122.147.229,1845
78.153.140.151,1841
52.81.29.83,1838
34.248.209.146,1837
45.84.89.2,1836
167.94.138.110,1835
122.248.240.221,1833
104.28.62.88,1828
52.81.200.225,1828
3.76.206.177,1828
86.54.31.34,1826
45.192.103.142,1825
52.80.92.28,1822
18.139.242.17,1821
3.75.236.49,1818
222.186.13.133,1817
54.229.163.222,1809
3.254.210.72,1807
3.255.245.53,1806
78.153.140.177,1804
3.79.23.94,1804
3.255.178.11,1803
54.223.167.186,1801
34.255.97.231,1801
63.176.174.127,1801
54.223.170.155,1798
148.153.189.62,1797
63.177.84.112,1796
3.64.252.252,1792
104.197.69.115,1790
54.194.132.191,1789
185.70.43.202,1788
34.72.176.129,1787
34.244.9.37,1787
35.158.119.230,1785
34.123.170.104,1783
104.156.155.14,1783
66.240.205.34,1782
18.202.197.145,1779
54.78.176.59,1778
54.77.32.97,1778
63.177.98.189,1776
54.74.209.11,1776
3.122.231.164,1774
3.252.244.62,1773
18.201.240.219,1773
52.211.116.5,1771
3.73.152.94,1770
128.9.29.129,1769
35.156.211.176,1767
52.195.215.206,1766
3.113.29.117,1765
3.120.148.5,1765
18.184.109.76,1763
52.28.244.36,1763
3.72.248.98,1762
104.28.60.77,1760
46.137.250.236,1760
3.126.248.3,1759
54.93.183.82,1758
3.250.127.155,1756
185.16.39.77,1756
109.205.213.205,1755
54.236.1.13,1754
104.28.98.105,1753
18.181.85.221,1751
140.179.230.228,1750
3.121.180.187,1750
3.74.46.9,1750
89.248.165.102,1749
3.121.233.81,1749
13.231.99.55,1748
71.6.135.131,1746
18.196.86.71,1745