Network,Report count
2001:470:1:c00::/56,552
2001:470:1:f00::/56,552
2001:470:2cc::/56,515
240e:b1:e401::/56,417
2001:470:1:300::/56,335
2a01:111:f403:2600::/56,234
2a02:8071:6480:1800::/56,218
2001:b000:1c0:8000::/56,135
240f:7b:a7d4::/56,123
2a03:db40::/56,114
2602:80d:1000::/56,112
2001:861:3607:a800::/56,103
2602:80d:1006::/56,97
2a02:26f7:ec5c:4000::/56,97
2620:96:e000::/56,96
2001:b000:180:8000::/56,94
2408:8726:2000::/56,83
2a03:2880:f800::/56,77
2a02:26f7:e34c:5400::/56,76
2404:9dc0:cd06::/56,76
2a02:26f7:ca8d:4000::/56,74
2a01:cb10:8568:1000::/56,70
2a02:26f7:e34c:4000::/56,70
2a06:5900:411c:2600::/56,70
240e:83:200::/56,68
2a02:26f7:e348:4000::/56,65
2a02:26f7:ec5c:6600::/56,64
2a02:26f7:e348:5400::/56,60
2a02:8388:1946:3b00::/56,58
2a02:26f7:e344:5400::/56,56
2a03:2880:f804::/56,54
2a02:26f7:bcd0:4000::/56,50
2a02:26f7:bcd1:5e00::/56,46
2a03:2880:25ff::/56,46
2a03:2880:11ff::/56,45
2a02:26f7:ca88:4000::/56,44
2a02:ab88:720d:6000::/56,43
2a03:2880:13ff::/56,42
2a02:26f7:bcd1:4000::/56,42
2a02:26f7:bcc0:5e00::/56,42
2a02:1748:dd4d:1200::/56,41
2a02:26f7:f8d1:4000::/56,40
2a03:b0c0:3::/56,39
2a06:4880:c000::/56,38
2620:0:cc5::/56,38
2607:8500:faca::/56,38
2a06:4880:a000::/56,37
2a06:4880:4000::/56,37
2a03:2880:ff::/56,37
2a06:4880:6000::/56,37
2a06:4880:2000::/56,37
2a06:4880:8000::/56,37
2a06:4880::/56,36
2602:80d:1004::/56,36
2a03:2880:21ff::/56,35
2a05:d018:a5f:9100::/56,35
2a03:2880:f814::/56,35
2a02:26f7:bcd0:5e00::/56,34
2a02:26f7:fb04:4100::/56,34
2001:861:e3c4:f400::/56,33
2a03:2880:22ff::/56,32
2a03:2880:24ff::/56,32
2a03:2880:10ff::/56,32
2a02:26f7:e344:4000::/56,32
2602:80d:1003::/56,32
2a02:1210:2642:bb00::/56,31
2a02:26f7:bcc0:4000::/56,31
2604:a880:4:100::/56,30
2a02:26f7:fb02:4100::/56,29
2a02:810d:8e80:4b00::/56,29
2a02:26f7:ec40:4000::/56,28
2a03:2880:3ff::/56,27
2a00:6020:4954:8300::/56,27
2a01:cb19:8283:500::/56,27
2a02:8388:1a45:3000::/56,27
2a03:2880:31ff::/56,26
2a03:2880:18ff::/56,26
2a06:4883:b000::/56,26
2a03:2880:27ff::/56,25
2400:cb00:557:1000::/56,25
2620:0:ccb::/56,25
2001:1890:200::/56,25
2a02:26f7:c9d0:4000::/56,24
2a05:5a00:808:bb00::/56,24
2a06:4883:3000::/56,24
2a05:d01c:b43:8a00::/56,24
2a02:26f7:c9d0:6500::/56,24
2a02:26f7:bcc8:4000::/56,24
2a02:26f7:ec48:4000::/56,24
2a03:2880:7ff::/56,24
2600:1900:0:2d00::/56,24
2a03:2880:2ff::/56,23
2a03:2880:16ff::/56,23
2a04:ee41:84:c200::/56,23
2a02:26f7:ec44:6600::/56,23
2604:a880:400::/56,23
2604:a880:800::/56,23
2a00:1028:83ba:7900::/56,23
2a01:e0a:174:5000::/56,22
2003:c6:3f0f:7b00::/56,22
2a02:1210:5433:e200::/56,22
2001:1c03:6806:1b00::/56,22
2600:3c03::/56,22
2a02:810d:9319:7600::/56,22
2604:a940:300:500::/56,21
2604:a940:301:200::/56,21
2a03:2880:30ff::/56,21
2a02:26f7:ec60:4000::/56,21
2a01:111:f403:c200::/56,21
2a02:1210:8605:3300::/56,21
2604:a940:302:100::/56,20
2001:41d0:239:6300::/56,20
2400:cb00:447:1000::/56,20
2a02:1210:5052:d600::/56,20
2620:0:cc7::/56,20
2a06:4882:b000::/56,20
2a02:8071:a82:1000::/56,20
2a06:4882:3000::/56,20
2a06:4882:d000::/56,20
2a04:ee41:3:a000::/56,20
2003:c7:4f44:7800::/56,20
2a01:cb1d:4fc:dc00::/56,20
2a01:111:f403:7100::/56,19
2a06:4882:9000::/56,19
2a03:2880:12ff::/56,19
2a06:4882:7000::/56,19
2a00:23c8:a7aa:9c00::/56,19
2401:d002:7e22::/56,19
2003:d9:bf16:a500::/56,18
2001:bc8:1201::/56,18
2a02:26f7:ec5c:fc00::/56,18
2a03:2880:32ff::/56,18
2a02:26f7:ec54:4000::/56,18
2a06:4883:7000::/56,18
2001:b000:1e0:8000::/56,18
2001:41d0:303:1700::/56,17
2400:cb00:445:1000::/56,17
2400:6180::/56,17
2a02:26f7:ec4c:fc00::/56,17
2620:0:cc3::/56,17
2620:171:fc::/56,17
2a06:4883:9000::/56,16
2001:41d0:33a:a00::/56,16
2a02:26f7:ec58:6600::/56,16
2620:171:f1::/56,16
2604:2dc0:217:d300::/56,16
2a02:26f7:ec48:6600::/56,16
2607:5300:78:7400::/56,16
2604:a880:cad::/56,16
2a02:26f7:ec64:fc00::/56,16
2a02:8071:6480:fc00::/56,16
2a06:4883:1000::/56,16
2a06:4882:5000::/56,16
2001:b07:a3d:8d00::/56,16
2a02:21b4:c028:e300::/56,16
2400:cb00:618:1000::/56,15
2001:41d0:717:dd00::/56,15
2400:cb00:470:1000::/56,15
2a06:4882:1000::/56,15
2a06:4883:5000::/56,15
2a02:8106:237:6a00::/56,15
2a01:cb18:532:3d00::/56,15
2a04:e4c0:41::/56,14
2408:8000:1010:2f00::/56,14
2400:cb00:467:1000::/56,14
2a02:a443:35ad::/56,14
2a06:4883:d000::/56,14
2001:bc8:701::/56,14
2a02:26f7:c894:4000::/56,14
2a02:26f7:ec5c:6700::/56,14
240e:5a:100:1000::/56,14
2a01:e0a:197:4200::/56,13
2001:bc8:1f90::/56,13
2409:8057:2000:cf00::/56,13
2001:41d0:11b:4800::/56,13
2a02:26f7:ec50:6600::/56,13
2001:4860:7:1600::/56,13
2a01:cb10:85e3:4b00::/56,13
2a02:26f7:b5c0:4000::/56,13
2a00:6020:4982:5200::/56,13
2a01:e11:7:1900::/56,13
2a02:26f7:bcd1:5f00::/56,13
2001:4bc9:909:a900::/56,13
2a02:26f7:c9d4:4000::/56,12
2400:cb00:930:1000::/56,12
2400:cb00:71:1000::/56,12
2001:41d0:303:5800::/56,12
2001:41d0:303:6f00::/56,12
2a02:26f7:ec60:6600::/56,12
2001:4860:7:1500::/56,12
2400:cb00:471:1000::/56,12
2602:80d:1005::/56,12
2a03:b0c0:1::/56,12
2a02:26f7:ec4c:4000::/56,12
2001:da8:1001::/56,12
2a0a:a545:1c::/56,12
2001:41d0:403:1f00::/56,12
2a02:26f7:b5c8:4000::/56,12
2a02:2028:ff00::/56,12
240e:5b:100:1000::/56,12
2a02:26f7:f980:4a00::/56,11
2603:6011:e00::/56,11
2a02:26f7:c9d4:6400::/56,11
2400:cb00:448:1000::/56,11
2400:cb00:408:1000::/56,11
2400:cb00:354:1000::/56,11
2400:cb00:998:1000::/56,11
2400:cb00:542:1000::/56,11
2408:823c:c13:500::/56,11
2001:1c05:3484:bb00::/56,11
2a09:bac2:41d6:2600::/56,11
2a02:aa10:e880:f800::/56,11
2400:cb00:16:1000::/56,11
2400:cb00:413:1000::/56,11
2400:cb00:696:1000::/56,11
2a00:6020:48bc:4900::/56,11
2a02:1210:20fb:2800::/56,11
2a02:26f7:ec58:4000::/56,11
2620:0:cc8::/56,11
2a01:4f8:0:a000::/56,11
2604:2dc0:117:d900::/56,11
2001:41d0:303:8600::/56,11
2001:16e0:231:9200::/56,11
2003:c6:670f:cb00::/56,10
2a00:1f:ad01:7700::/56,10
2400:cb00:636:1000::/56,10
2400:cb00:619:1000::/56,10
2400:cb00:12:1000::/56,10
2400:cb00:975:1000::/56,10
2400:cb00:741:1000::/56,10
2400:cb00:543:1000::/56,10
2a02:26f7:ec54:6600::/56,10
2a01:cb00:b4b:5b00::/56,10
2a01:4f9:0:a000::/56,10
2a02:8388:e6be:5b00::/56,10
2400:cb00:650:1000::/56,10
2400:cb00:1023:1000::/56,10
2400:cb00:4:1000::/56,10
2400:cb00:1164:1000::/56,10
2a03:b0c0:2::/56,10
2001:41d0:817:d400::/56,10
2a00:6020:479d:3400::/56,10
2a02:1210:2c4b:a800::/56,10
2001:67c:2628:600::/56,10
2600:1700:62e0:8500::/56,10
2a02:8388:e73e:f400::/56,10
2a02:26f7:ec44:4000::/56,10
2400:6180:100::/56,10
2a09:bac2:41d1:2600::/56,10
2a02:26f7:ec50:4000::/56,10
2a02:26f7:ddc0:cf00::/56,10
2620:171:f8::/56,10
2001:4860:7:200::/56,10
2a04:e4c0:40::/56,10
2a0a:a543:ca49::/56,10
2a02:26f7:bcd0:5f00::/56,10
2a09:bac3:41e6:2600::/56,10
2a09:bac2:f1:1c00::/56,10
240b:4009:2b8:8a00::/56,10
240b:4005:18b:1c00::/56,10
240b:4004:a2:ef00::/56,10
240b:4000:23:2200::/56,10
240b:4011:18:da00::/56,10
2a02:26f7:ca80:4000::/56,10
2a01:111:f403:c100::/56,10
2400:cb00:132:1000::/56,9
2400:cb00:763:1000::/56,9
2400:cb00:446:1000::/56,9
2400:cb00:582:1000::/56,9
2400:cb00:583:1000::/56,9
2400:cb00:11:1000::/56,9
2400:cb00:632:1000::/56,9
2400:cb00:631:1000::/56,9
2001:a61:24d3:3500::/56,9
2400:cb00:79:1000::/56,9
2400:cb00:523:1000::/56,9
2400:cb00:34:1000::/56,9
2400:cb00:928:1000::/56,9
2a02:1210:3c07:b600::/56,9
2a02:842b:847c:e800::/56,9
2400:cb00:904:1000::/56,9
2001:861:5080:f800::/56,9
2400:cb00:28:1000::/56,9
2001:41d0:617:e500::/56,9
2602:80d:1002::/56,9
2001:4801:d::/56,9
2620:171:fa::/56,9
2a02:26f7:bcc8:5e00::/56,9
2a02:21b4:c000:4500::/56,9
2a02:1210:3c10:e900::/56,9
2a02:1210:1609:2700::/56,9
2003:ca:bf10:6800::/56,9
2620:0:cc4::/56,9
2600:1010:a023:1700::/56,9
2a01:cb00:303f:2b00::/56,9
2001:a61:3406:4600::/56,9
2a02:8388:e303:8100::/56,9
2001:4860:7:1700::/56,9
2606:4e80:7::/56,9
2a09:bac2:41e3:2600::/56,9
2003:c7:4f16:9000::/56,9
2a09:bac2:41e1:2600::/56,9
2a01:111:f403:d200::/56,9
2001:4bc9:800:ee00::/56,9
2001:f40::/56,9
2a02:8109:1b0f:d400::/56,8
2400:cb00:976:1000::/56,8
2400:cb00:931:1000::/56,8
2400:cb00:410:1000::/56,8
2400:cb00:15:1000::/56,8
2400:cb00:633:1000::/56,8
2400:cb00:80:1000::/56,8
240e:1c:200::/56,8
2400:cb00:929:1000::/56,8
2001:1488:800:100::/56,8
2a03:2880:15ff::/56,8
2a02:1210:6a15:af00::/56,8
2a02:26f7:d90c:4000::/56,8
2400:cb00:56:1000::/56,8
2400:cb00:466:1000::/56,8
2400:cb00:472:1000::/56,8
2a09:bac3:41d6:2600::/56,8
2a05:d016:39f:3100::/56,8
2600:1f14:804:fd00::/56,8
2406:da18:85:1400::/56,8
2620:119:12::/56,8
2a09:bac2:1d92:2600::/56,8
2603:7000:e000:1200::/56,8
2a00:1398:4:b600::/56,8
2a02:8070:2981:a00::/56,8
2409:8000:2000::/56,8
2a00:6020:49c3:d600::/56,8
2003:c7:4f3a:5d00::/56,8
2001:250:603c:1100::/56,8
2a02:26f7:ec58:fc00::/56,8
2001:bc8:50c0:300::/56,8
2a02:6b8:c2d:c00::/56,8
2003:c6:3f08:6500::/56,8
2a02:1210:1e2f:2500::/56,8
2a02:26f7:ec40:fc00::/56,8
2001:1716:476f:3300::/56,8
2a02:26f7:c9cc:4000::/56,8
2a09:bac2:41fd:2600::/56,8
2400:cb00:1173:1000::/56,8
2003:e6:571e:da00::/56,8
2a02:26f7:fac4:4300::/56,8
2a09:bac2:41e0:2600::/56,8
2601:401:8480:9700::/56,8
2a01:111:f403:d400::/56,8
2a04:e4c0:20::/56,8
2a02:1210:2a0f:1700::/56,8
2a02:c7c:39c9:ab00::/56,8
2401:fa00:86:200::/56,8
2001:67c:2660:400::/56,8
2401:1800:d::/56,8
2600:1015:a032:6400::/56,8
2600:1900:4120:e300::/56,8
2001:16e0:214:c900::/56,7
2a00:23c8:182:5f00::/56,7
2400:cb00:22:1000::/56,7
2400:cb00:382:1000::/56,7
2400:cb00:679:1000::/56,7
2400:cb00:966:1000::/56,7
2400:cb00:23:1000::/56,7
2400:cb00:637:1000::/56,7
2400:cb00:996:1000::/56,7
2400:cb00:20:1000::/56,7
2400:cb00:740:1000::/56,7
2400:cb00:581:1000::/56,7
2400:cb00:731:1000::/56,7
2a02:26f7:c908:d700::/56,7
2400:cb00:412:1000::/56,7
2001:4860:7:1400::/56,7
2604:a880:2::/56,7
2400:cb00:452:1000::/56,7
2400:cb00:649:1000::/56,7
2400:cb00:981:1000::/56,7
2a09:bac3:41d0:2600::/56,7
2a02:26f7:f8d4:4000::/56,7
2a02:26f7:fb04:4000::/56,7
2a01:cb1c:6c0:ce00::/56,7
2600:1f16:269:da00::/56,7
2400:cb00:521:1000::/56,7
2400:cb00:933:1000::/56,7
2400:cb00:87:1000::/56,7
2a09:bac2:f6:1c00::/56,7
2a02:26f7:c900:d700::/56,7
2a02:1210:4e0c:cd00::/56,7
2003:6:1fd:6300::/56,7
2400:cb00:29:1000::/56,7
2408:8000:a002:aa00::/56,7
2620:0:cce::/56,7
2003:f4:ff47:9700::/56,7
2a09:bac3:1e51:2600::/56,7
2003:e6:b722:b300::/56,7
2a02:6b8:c23:3800::/56,7
240e:f7:a070:300::/56,7
2a01:586:efe::/56,7
2a02:26f7:ec40:6600::/56,7
2a02:26f7:c944:4000::/56,7
2a02:26f7:ec44:6700::/56,7
2a09:bac2:f2:1c00::/56,7
2a02:26f7:fb00:4000::/56,7
2a01:cb10:8d06:1400::/56,7
2a02:8388:e6b8:4e00::/56,7
2003:6:3f9:dd00::/56,7
2a02:26f7:fac8:4300::/56,7
2600:1900:0:4000::/56,7
2400:cb00:369:1000::/56,7
2400:cb00:363:1000::/56,7
2a02:1210:3c0d:ea00::/56,7
2a02:26f7:c9c8:4000::/56,7
2a02:6b8:c2d:700::/56,7
2a09:bac3:41f9:2600::/56,7
2001:4860:7:600::/56,7
2400:2000:bb1b::/56,7
2a01:5a8:304:4900::/56,7
2001:67c:e60:c00::/56,7
2a09:bac2:f0:1c00::/56,7
2409:803c:2001:9000::/56,7
2001:4bc9:1f90:b00::/56,7
240e:7:1400:100::/56,7
2400:cb00:73:1000::/56,6
2408:8000:2009::/56,6
2400:cb00:497:1000::/56,6
2400:cb00:556:1000::/56,6
2400:cb00:994:1000::/56,6
2400:cb00:745:1000::/56,6
2a04:e4c0:15::/56,6
2400:cb00:641:1000::/56,6
2400:cb00:411:1000::/56,6
2400:cb00:923:1000::/56,6
2400:cb00:465:1000::/56,6
2400:cb00:665:1000::/56,6
2400:cb00:762:1000::/56,6
2400:cb00:35:1000::/56,6
2a00:79e1:2400:3c00::/56,6
2001:bc8:17c0:500::/56,6
2a02:a442:a538::/56,6
2a02:810d:600:2800::/56,6
2601:14d:4c81:b00::/56,6
2a10:3781:1069::/56,6
2400:cb00:1005:1000::/56,6
2400:cb00:386:1000::/56,6
2400:cb00:1006:1000::/56,6
2409:8057:2000:3f00::/56,6
2a00:1637:409::/56,6
2400:cb00:990:1000::/56,6
2400:cb00:626:1000::/56,6
2400:cb00:736:1000::/56,6
2400:cb00:455:1000::/56,6
2400:cb00:608:1000::/56,6
2a02:26f7:ca84:4000::/56,6
2400:cb00:573:1000::/56,6
2400:cb00:507:1000::/56,6
2400:cb00:555:1000::/56,6
2600:3c0a::/56,6
2a02:26f7:ec58:6700::/56,6
2409:8057:2000:8f00::/56,6
2400:cb00:336:1000::/56,6
2400:cb00:925:1000::/56,6
2003:cb:172b:2800::/56,6
2400:cb00:786:1000::/56,6
240e:5e:4005::/56,6
2400:cb00:509:1000::/56,6
2400:cb00:464:1000::/56,6
2a01:cb1d:820d:ae00::/56,6
2400:cb00:537:1000::/56,6
2400:8d60:12::/56,6
2607:fa49:c342:db00::/56,6
2003:c8:7f2f:4e00::/56,6
2a00:79e0:243d::/56,6
2803:9800:9401:8000::/56,6
2a02:26f7:f980:4000::/56,6
2a02:26f7:f98c:4a00::/56,6
2a09:bac2:1e56:2400::/56,6
2401:fa00:e7:200::/56,6
2a09:bac3:41c5:2600::/56,6
240e:56:4606:8200::/56,6
2a02:26f7:ec64:4000::/56,6
2408:823d:c13:1d00::/56,6
2a09:bac2:41c4:2600::/56,6
2a02:6b8:c1f:6200::/56,6
2a02:6b8:c42:600::/56,6
2a02:26f7:c89c:4000::/56,6
2a00:1633:409::/56,6
2a02:21b4:b07f:c00::/56,6
2600:3c00::/56,6
2409:8020:2000:800::/56,6
2a01:cb08:8284:fd00::/56,6
2a04:c604:409::/56,6
2400:cb00:119:1000::/56,6
2a02:8388:e302:3a00::/56,6
2a01:8b81:4004:4d00::/56,6
2001:871:25e:3500::/56,6
2a02:810b:d82:1e00::/56,6
2a02:8388:78f:ea00::/56,6
2003:f3:171e:9c00::/56,6
2408:8001:3012::/56,6
2001:41d0:303:1d00::/56,6
2a10:3c0:5::/56,6
2a02:26f7:c8a2:4000::/56,6
2a00:d00:ff:100::/56,6
2620:0:cca::/56,6
2a09:bac3:1e5c:2600::/56,6
2400:cb00:1231:1000::/56,6
2a02:26f7:f98c:4000::/56,6
2600:1015:a032:8200::/56,6
2003:6:151:f500::/56,6
2620:171:f0::/56,6
2a02:810d:986:2a00::/56,6
2a02:1210:2225:9f00::/56,6
2a02:26f7:f6d9:a000::/56,6
2001:1ae8:2:4000::/56,6
2a02:842a:868f:bd00::/56,6
2a02:26f7:fb00:4100::/56,6
2a02:26f7:f98c:dc00::/56,6
2409:8060:20ea:100::/56,6
2001:871:209:2c00::/56,6
2003:f4:ff32:3100::/56,5
2003:180:2:8000::/56,5
2400:cb00:572:1000::/56,5
2400:cb00:14:1000::/56,5
2400:cb00:962:1000::/56,5
2400:cb00:965:1000::/56,5
2400:cb00:964:1000::/56,5
2001:41d0:303:7000::/56,5
2400:cb00:520:1000::/56,5
2400:cb00:997:1000::/56,5
2a01:4f8:0:a100::/56,5
2a01:4f8:0:a200::/56,5
2a09:bac2:1e50:200::/56,5
2a02:1210:305f:9500::/56,5
2a04:4e41:1801:f00::/56,5
2600:1f18:1aca:4200::/56,5
2a01:cb18:8ca:e200::/56,5
2400:cb00:973:1000::/56,5
2408:8719:64::/56,5
2400:cb00:995:1000::/56,5
2400:cb00:125:1000::/56,5
2003:f4:ff0f:4a00::/56,5
2001:41d0:303:1e00::/56,5
2a01:e34:ec25:ea00::/56,5
2003:c6:3f26:6200::/56,5
2001:b07:6472:c800::/56,5
2a09:bac3:1e50:100::/56,5
2400:cb00:1050:1000::/56,5
2400:cb00:684:1000::/56,5
2400:cb00:932:1000::/56,5
2400:cb00:984:1000::/56,5
2400:cb00:377:1000::/56,5
2400:cb00:376:1000::/56,5
2400:cb00:1041:1000::/56,5
2400:cb00:594:1000::/56,5
2a02:26f7:c940:4000::/56,5
2607:f298:6:a000::/56,5
2400:cb00:1025:1000::/56,5
2a02:1c8:1::/56,5
2400:cb00:558:1000::/56,5
2400:cb00:1021:1000::/56,5
2604:a00:50:200::/56,5
2001:871:20f:8700::/56,5
2003:c0:6f02:7200::/56,5
2a09:bac3:1e19:2600::/56,5
2a02:8388:e5c4:c600::/56,5
2001:4bc9:915:a700::/56,5
2400:cb00:646:1000::/56,5
2408:8000:8010::/56,5
2620:171:f4::/56,5
2400:cb00:559:1000::/56,5
2001:e42:100::/56,5
2a0b:21c0:a003::/56,5
2a09:bac3:f5:1c00::/56,5
2001:1c06:230e:a000::/56,5
2a09:bac2:41fc:2600::/56,5
2001:4dd0:34aa::/56,5
2a01:cb08:820f:1300::/56,5
2003:ee:1711:a600::/56,5
2a02:26f7:ec44:fc00::/56,5
2001:56a:7848:8200::/56,5
2001:1708:18b:5600::/56,5
2a01:4b00:bb1d:e000::/56,5
2a02:6b8:c2d:400::/56,5
2a02:6b8:c16:600::/56,5
2a04:4e41:800:b00::/56,5
2401:fa00:86::/56,5
2a02:8388:86c0:600::/56,5
2a04:4e41:800:200::/56,5
2a02:26f7:d4d0:c500::/56,5
2a02:6b8:c11:2e00::/56,5
2001:41d0:303:2b00::/56,5
2400:cb00:128:1000::/56,5
2400:cb00:1031:1000::/56,5
2a02:26f7:f6da:a000::/56,5
2a02:26f7:c940:4b00::/56,5
240e:5e:4004::/56,5
2a02:6b8:c2b:100::/56,5
2a02:6b8:c11:3300::/56,5
2a02:6b8:c43:8800::/56,5
2a02:6b8:c37:7600::/56,5
2409:804c:2000:200::/56,5
2a02:26f7:ef0c:4000::/56,5
2a03:2880:20ff::/56,5
2a02:26f7:c9c0:4000::/56,5
2a01:aea0:dd4:2900::/56,5
2400:cb00:202:1000::/56,5
2a09:bac3:41e0:2600::/56,5
2a02:8388:e381:af00::/56,5
2400:cb00:453:1000::/56,5
2a04:4e41:1800:f900::/56,5
2a09:bac2:41e6:2600::/56,5
2a02:a462:3188::/56,5
2400:cb00:568:1000::/56,5
2409:8028:2003:8000::/56,5
2400:cb00:368:1000::/56,5
2a04:4e41:5800:4c00::/56,5
2001:41d0:304:200::/56,5
2a02:6b8:c23:3700::/56,5
2a02:6b8:c42:9900::/56,5
2610:151:6::/56,5
2a01:cb00:15d4:2200::/56,5
2a09:bac3:41e1:2600::/56,5
2a09:bac3:41c4:2600::/56,5
2a02:842a:edc0:e00::/56,5
2620:171:f9::/56,5
2a09:bac2:41c6:400::/56,5
2001:4641:a4d3::/56,5
2a02:810d:1398:6e00::/56,5
2400:cb00:910:1000::/56,5
2a02:6b8:c43:1600::/56,5
2a09:bac3:41e3:2600::/56,5
2a09:bac3:2ff1:200::/56,5
2a02:26f7:bccc:4000::/56,5
2a02:c207:2286:6200::/56,5
2400:cb00:1220:1000::/56,5
2001:871:20b:b300::/56,5
2a09:bac3:1e56:200::/56,5
2605:340::/56,5
2a09:bac2:41f8:2600::/56,5
2a02:1210:8089:7900::/56,5
2400:cb00:69:1000::/56,5
2a09:bac2:41f2:2600::/56,5
2600:1900:0:2100::/56,5
2a02:26f7:f8d0:4000::/56,5
2a01:5a8:307:1f00::/56,5
2a09:bac2:f4:1c00::/56,5
2607:a400:5::/56,5
2409:8060:20ea:200::/56,5
2600:1700:5600:d000::/56,5
2003:e9:cf48:800::/56,5
2604:a880:0:2000::/56,5
240e:5e:4004:8000::/56,5
2a0b:21c0:a003:500::/56,5
2409:8062:2001:2100::/56,5
2001:470:1:b00::/56,4
2001:4ca0:0:f200::/56,4
2a01:e0a:88d:2000::/56,4
2001:871:25a:b600::/56,4
2001:861:3143:b600::/56,4
2400:cb00:677:1000::/56,4
2400:cb00:961:1000::/56,4
2a04:4e41:800:300::/56,4
2a09:bac2:1e56:1b00::/56,4
2a02:26f7:e340:5400::/56,4
2600:1900:0:2c00::/56,4
2620:171:e4:f000::/56,4
2a04:4e41:800:500::/56,4
2a01:cb0c:1114:7a00::/56,4
2a04:4e41:800:f00::/56,4
2a04:4e41:800:900::/56,4
2400:cb00:522:1000::/56,4
2400:cb00:601:1000::/56,4
2620:171:e0::/56,4
2a02:6b8:c42:e00::/56,4
2a02:6b8:c2b::/56,4
2400:cb00:694:1000::/56,4
2400:cb00:388:1000::/56,4
2620:171:e3::/56,4
2400:cb00:492:1000::/56,4
2a02:6b8:c37:ca00::/56,4
2a02:8388:e53a:fe00::/56,4
2a02:26f7:e000:4000::/56,4
2a04:4e41:5800:4900::/56,4
2001:250:3c1a:200::/56,4
2400:cb00:903:1000::/56,4
2400:cb00:985:1000::/56,4
2610:a1:3008:100::/56,4
2602:fa59:9:100::/56,4
2400:cb00:793:1000::/56,4
2409:8057:2000:2f00::/56,4
2400:cb00:533:1000::/56,4
2400:cb00:1166:1000::/56,4
2a0a:ef40:c68:f200::/56,4
2a09:bac2:1e51:2400::/56,4
2a02:a45b:2dcd::/56,4
2a09:bac3:f0:400::/56,4
2a02:3100:2f0b:b900::/56,4
2a09:bac3:41c0:400::/56,4
2804:14d:4c82:9700::/56,4
2001:4bc8:2000:700::/56,4
2600:3000:1511:200::/56,4
2400:cb00:989:1000::/56,4
2400:cb00:366:1000::/56,4
2400:cb00:40:1000::/56,4
2400:cb00:974:1000::/56,4
2400:cb00:724:1000::/56,4
2400:cb00:1024:1000::/56,4
2400:cb00:17:1000::/56,4
2400:cb00:39:1000::/56,4
2a02:c7c:5683:c000::/56,4
2400:cb00:767:1000::/56,4
2a02:8109:8710:8f00::/56,4
2a00:1f:ad01:dd00::/56,4
2001:861:e3c0:c600::/56,4
2001:1bb0:e000::/56,4
2406:5a00:349d:dd00::/56,4
2a09:bac2:2961:2400::/56,4
2a09:bac3:4222:2600::/56,4
2a09:bac2:1e1e:2600::/56,4
2a01:cb11:2ce:1d00::/56,4
2602:ffe4:c03:9200::/56,4
2a09:bac2:1e19:2600::/56,4
2a09:bac2:1e1a:2600::/56,4
2400:cb00:719:1000::/56,4
2400:cb00:927:1000::/56,4
2400:cb00:352:1000::/56,4
2408:8001:3072::/56,4
2400:cb00:1030:1000::/56,4
2c0f:eb58:6fc:da00::/56,4
2a09:bac2:f6:2600::/56,4
2a09:bac3:41d2:2600::/56,4
2a00:23c6:e8e7:5900::/56,4
2a02:6b8:c11:3600::/56,4
2a02:6b8:c42:7e00::/56,4
2a04:4e41:5201:2c00::/56,4
2a02:26f7:c9d4:6500::/56,4
2607:f298:5:1100::/56,4
2001:41d0:303:6e00::/56,4
2a02:8388:8681:cf00::/56,4
2a09:bac3:41d1:2600::/56,4
2a09:bac3:f0:1c00::/56,4
2a01:cb15:180:ee00::/56,4
2a02:8388:e5c5:1d00::/56,4
2a09:bac2:41d2:2600::/56,4
2a09:bac3:41d5:2600::/56,4
2a09:bac2:f1:2600::/56,4
2001:4278:13:7e00::/56,4
2a02:8071:5362:100::/56,4
2a02:1210:6603:e300::/56,4
2a0d:3344:3317:d500::/56,4
2603:8000:e3f0:4e00::/56,4
2001:a61:25a8:2c00::/56,4
2620:119:13::/56,4
2a01:7c8:f:c00::/56,4
2001:268:fa30:2600::/56,4
2a02:1210:6246:5200::/56,4
2001:861:3b80:b800::/56,4
2a09:bac3:eb:400::/56,4
240e:94c:0:100::/56,4
2a09:bac3:48e6:100::/56,4
2a09:bac3:41fe:400::/56,4
2a02:6b8:c37:bb00::/56,4
2a02:6b8:c42:9700::/56,4
2a02:6b8:c43:8300::/56,4
2a02:6b8:c2d:2500::/56,4
2a02:6b8:c37:6f00::/56,4
2400:cb00:415:1000::/56,4
2001:41d0:303:9600::/56,4
2a02:aa17:217c:4200::/56,4
2409:8c4c:c00:1000::/56,4
240e:56:4606:200::/56,4
2001:8003:4255:8400::/56,4
2a0d:6fc2:40b0:5800::/56,4
2800:bf0:2a03:1000::/56,4
2a09:bac2:41c2:2600::/56,4
2a02:26f7:d15f:4000::/56,4
2400:cb00:785:1000::/56,4
2a04:e4c0:65::/56,4
2409:8008:2000:100::/56,4
2409:8008:2000::/56,4
2400:cb00:999:1000::/56,4
2a10:a700:100:500::/56,4
240e:5e:4007::/56,4
2a02:6b8:c42:9500::/56,4
2a02:6b8:c1f:6000::/56,4
2a02:6b8:c2b:c00::/56,4
2a02:6b8:c22:c00::/56,4
2409:804c:2000:100::/56,4
2400:cb00:1176:1000::/56,4
2610:a1:3044:100::/56,4
2a02:6b8:c42:5d00::/56,4
2408:8001:200:3000::/56,4
2001:2f8:1041::/56,4
2001:bc8:5008:200::/56,4
2804:d49:4969:b500::/56,4
2001:b000:180:800::/56,4
2a02:cb80:4250:900::/56,4
2408:8207:4832:ad00::/56,4
2001:a61:245f:c500::/56,4
2a03:2880:f806::/56,4
2a02:6b8:c42:9400::/56,4
2400:cb00:670:1000::/56,4
2a04:4e41:1800:f200::/56,4
240d:c010:19f::/56,4
2a00:23c8:e527:b000::/56,4
2a02:26f7:ec54:6700::/56,4
2001:448a:2092:d00::/56,4
2a02:1210:42d2:c900::/56,4
2a02:8388:e543:3f00::/56,4
2a02:26f7:f940:4000::/56,4
2a02:6b8:c2d:500::/56,4
2a02:6b8:c43:1700::/56,4
2408:8001:3002::/56,4
2a09:bac2:f6:400::/56,4
2408:8001:d000:1000::/56,4
2a02:8071:5231:ab00::/56,4
2400:cb00:1232:1000::/56,4
2a02:6b8:c42:6500::/56,4
2a04:e4c0:17::/56,4
2a02:6b8:c1c::/56,4
2a02:6b8:c42:4900::/56,4
2a02:6b8:c42:4e00::/56,4
2a09:bac3:f4:1c00::/56,4
2a02:8388:c340:b200::/56,4
2a09:bac3:1d91:2600::/56,4
2003:c3:8731:b200::/56,4
2a04:4e41:5800:4000::/56,4
2a09:bac2:2961:1800::/56,4
2001:bc8:1201:700::/56,4
2806:1016:7:7500::/56,4
2003:c0:6f2c:b400::/56,4
2a02:1210:264a:3900::/56,4
2a09:bac2:1d97:2600::/56,4
2a02:26f7:ef10:4000::/56,4
2001:8003:8016:8a00::/56,4
2a04:4e41:1801::/56,4
2a09:bac2:1e51:2600::/56,4
2a09:bac3:41fa:2600::/56,4
2a02:ab88:4e84:f700::/56,4
2405:201:e011:100::/56,4
2a01:e0a:5be:6f00::/56,4
2400:cb00:31:1000::/56,4
2001:871:247:1000::/56,4
2601:246:d001:2500::/56,4
2a09:bac3:ec:2600::/56,4
2a02:a453:24e0::/56,4
2001:4bb8:199:e700::/56,4
2a02:1210:4288:1500::/56,4
2408:8726:1a00:500::/56,4
2a02:6b8:c43:4400::/56,4
2001:41d0:404:200::/56,4
2400:cb00:982:1000::/56,4
2a02:6b8:c42:4700::/56,4
2a04:4e41:5800:4500::/56,4
2a09:bac3:f6:2600::/56,4
2a04:4e41:1801:100::/56,4
2001:4bc9:90a:c600::/56,4
2a02:a03f:afbb:5800::/56,4
2a02:908:1a2:7600::/56,4
2408:8720:800:500::/56,4
2a04:ee41:81:4500::/56,4
2600:4041:54a6:b700::/56,4
2a02:1210:582e:7000::/56,4
2a02:26f7:c349:8000::/56,4
240b:253:b422:5b00::/56,4
2a00:6020:4a82:3100::/56,4
2a02:6b8:c2d:300::/56,4
2600:1702:6f22:4a00::/56,4
2a09:bac3:1e51:2300::/56,4
2a02:8388:e73e:b400::/56,4
2a00:1f:4683:9300::/56,4
2a02:26f7:e180:4100::/56,4
2408:876c:1740:100::/56,4
2a09:bac3:1dfa:2600::/56,4
2a02:26f7:facc:4300::/56,4
2a09:bac3:f1:1c00::/56,4
2a02:8071:5ec0:c000::/56,4
2a02:6b8:c43:4b00::/56,4
2a02:6b8:c11:3500::/56,4
2a09:bac2:1da3:2600::/56,4
2408:8000:7000:1000::/56,4
2001:871:206:d700::/56,4
2a09:bac2:4b9:300::/56,4
2a09:bac2:f0:2600::/56,4
2a09:bac2:e8:400::/56,4
2a01:e0a:bd4:4600::/56,4
2a02:8388:4540:be00::/56,4
2a02:c207:2286:6400::/56,4
2a02:26f7:ef8c:4000::/56,4
2a02:6b8:c43:b00::/56,4
2a02:1748:dd5d:ff00::/56,3
2a09:bac3:f1:2600::/56,3
2a02:8070:4282:1e00::/56,3
2a02:26f7:ec40:6700::/56,3
2001:678:ed0:ff00::/56,3
2610:a1:300c:100::/56,3
2400:cb00:398:1000::/56,3
2400:cb00:735:1000::/56,3
2400:cb00:428:1000::/56,3
2001:19f0:9002:2400::/56,3
2400:cb00:920:1000::/56,3
2400:cb00:963:1000::/56,3
2001:b07:646a:f100::/56,3
2a01:cb0c:597:ae00::/56,3
2408:400e:11a:8300::/56,3
240b:4002:10:d00::/56,3
2a04:4e41:800:800::/56,3
2001:1c03:5f16:d100::/56,3
2a00:9fe4:100:a100::/56,3
2a09:bac3:1dc4:2600::/56,3
2a04:4e41:800:d00::/56,3
2a04:4e41:800:a00::/56,3
2a04:4e41:800:100::/56,3
2402:1f00:8001:1c00::/56,3
2400:cb00:1047:1000::/56,3
2407:d000:d:6f00::/56,3
240e:58:c000:1900::/56,3
2400:cb00:397:1000::/56,3
2400:cb00:658:1000::/56,3
2a01:4f00:facf:fd00::/56,3
2804:b54:8300:5b00::/56,3
2a02:6b8:c2d:5700::/56,3
2a02:6b8:c1f:5e00::/56,3
2001:871:25a:700::/56,3
2001:41d0:602:2e00::/56,3
2a02:aa16:5680:b600::/56,3
2a01:e0a:219:5100::/56,3
2001:41d0:303:9800::/56,3
2001:41d0:303:3400::/56,3
2a09:bac3:e9:1c00::/56,3
2001:4bb8:2a7:1f00::/56,3
2a09:bac3:1e56:2300::/56,3
2408:8719:64:200::/56,3
2400:cb00:1049:1000::/56,3
2400:cb00:70:1000::/56,3
2400:cb00:1009:1000::/56,3
2400:cb00:1008:1000::/56,3
2a02:c207:2286:7800::/56,3
2400:cb00:126:1000::/56,3
2a0c:2f07:4896:600::/56,3
2001:4455:80f5:8e00::/56,3
2400:cb00:1036:1000::/56,3
2a09:bac3:2901:2400::/56,3
2600:387:15:3f00::/56,3
2003:cb:1723:7a00::/56,3
2003:e9:cf32:3b00::/56,3
2a09:bac2:f5:2600::/56,3
2a09:bac2:eb:1c00::/56,3
2400:cb00:728:1000::/56,3
2400:cb00:21:1000::/56,3
2400:cb00:609:1000::/56,3
2001:41d0:303:2600::/56,3
2800:200:e8f0:300::/56,3
2400:cb00:350:1000::/56,3
2400:cb00:1046:1000::/56,3
2400:cb00:27:1000::/56,3
2400:cb00:978:1000::/56,3
2405:201:c033:9100::/56,3
2a00:a041:1960:4600::/56,3
2a02:8388:83f:e600::/56,3
2a02:3100:25d7:8000::/56,3
2a02:26f7:c88d:4000::/56,3
2003:e6:f4a:9900::/56,3
2a02:26f7:ddc8:cf00::/56,3
2001:16e0:232:b400::/56,3
2804:6c8:8b00:a500::/56,3
2a02:cb80:424f::/56,3
2001:861:3701:1000::/56,3
2a09:bac3:1e53:2600::/56,3
2a09:bac3:1e51:2800::/56,3
2001:4bb8:103:fe00::/56,3
2a01:e0a:d21:c500::/56,3
2a02:a460:6939::/56,3
2a02:c207:2286:8200::/56,3
2a02:26f7:e004:4000::/56,3
2001:268:fa04:1400::/56,3
2003:ea:4f01:900::/56,3
2a02:26f7:c89c:7000::/56,3
2a02:26f7:e48c:5700::/56,3
2001:871:224:eb00::/56,3
2a09:bac2:41f1:2600::/56,3
2a09:bac3:1e1e:2600::/56,3
2a09:bac3:4d86:2600::/56,3
2a02:8434:66ec:6900::/56,3
2400:cb00:19:1000::/56,3
2400:a980:6000:6600::/56,3
2001:871:20b:5800::/56,3
2620:171:fb:f000::/56,3
2400:cb00:1017:1000::/56,3
2001:861:20d3:d200::/56,3
2a00:1e:9380:8400::/56,3
2001:4ba0::/56,3
2a02:6b8:c11:2700::/56,3
2409:8080:820:1000::/56,3
2400:cb00:748:1000::/56,3
2a01:261:e60:1600::/56,3
2a02:1210:722a:2c00::/56,3
2a00:23c8:7d1c:6600::/56,3
2a02:9b0:106:2f00::/56,3
2a02:26f7:c344:8000::/56,3